embedding_position_encoding,sm__cycles_active.max,5597.00
embedding_position_encoding,gpc__cycles_elapsed.max,7834.00
embedding_position_encoding,gpc__cycles_elapsed.avg.per_second,1396275510.20
embedding_position_encoding,gpu__time_duration.max,5600.00
embedding_position_encoding,gpu__time_duration.sum,5600.00
ln1,sm__cycles_active.max,19460.00
ln1,gpc__cycles_elapsed.max,21474.00
ln1,gpc__cycles_elapsed.avg.per_second,1403685609.46
ln1,gpu__time_duration.max,15264.00
ln1,gpu__time_duration.sum,15264.00
attention,gpu__time_duration.sum,60704.00
attention,gpu__time_duration.max,60704.00
attention,gpc__cycles_elapsed.avg.per_second,11101707639.03
attention,gpc__cycles_elapsed.max,84528.00
attention,sm__cycles_active.max,66803.00
residual1,sm__cycles_active.max,3058.00
residual1,gpc__cycles_elapsed.max,5341.00
residual1,gpc__cycles_elapsed.avg.per_second,1377508854.78
residual1,gpu__time_duration.max,3872.00
residual1,gpu__time_duration.sum,3872.00
ln2,sm__cycles_active.max,20670.00
ln2,gpc__cycles_elapsed.max,22706.00
ln2,gpc__cycles_elapsed.avg.per_second,1404234441.30
ln2,gpu__time_duration.max,16160.00
ln2,gpu__time_duration.sum,16160.00
feed_forward,gpu__time_duration.sum,49696.00
feed_forward,gpu__time_duration.max,49696.00
feed_forward,gpc__cycles_elapsed.avg.per_second,5534800237.01
feed_forward,gpc__cycles_elapsed.max,69178.00
feed_forward,sm__cycles_active.max,59757.00
residual2,sm__cycles_active.max,3602.00
residual2,gpc__cycles_elapsed.max,5768.00
residual2,gpc__cycles_elapsed.avg.per_second,1392926356.59
residual2,gpu__time_duration.max,4128.00
residual2,gpu__time_duration.sum,4128.00
lnf,sm__cycles_active.max,19692.00
lnf,gpc__cycles_elapsed.max,21692.00
lnf,gpc__cycles_elapsed.avg.per_second,1403897451.10
lnf,gpu__time_duration.max,15424.00
lnf,gpu__time_duration.sum,15424.00
logits,sm__cycles_active.max,424104.00
logits,gpc__cycles_elapsed.max,427914.00
logits,gpc__cycles_elapsed.avg.per_second,1406633351.90
logits,gpu__time_duration.max,303712.00
logits,gpu__time_duration.sum,303712.00
embedding_position_encoding,dram__throughput.avg.pct_of_peak_sustained_elapsed,17.57
ln1,dram__throughput.avg.pct_of_peak_sustained_elapsed,0.72
attention,dram__throughput.avg.pct_of_peak_sustained_elapsed,89.82
residual1,dram__throughput.avg.pct_of_peak_sustained_elapsed,5.79
ln2,dram__throughput.avg.pct_of_peak_sustained_elapsed,0.74
feed_forward,dram__throughput.avg.pct_of_peak_sustained_elapsed,126.83
residual2,dram__throughput.avg.pct_of_peak_sustained_elapsed,15.59
lnf,dram__throughput.avg.pct_of_peak_sustained_elapsed,0.83
logits,dram__throughput.avg.pct_of_peak_sustained_elapsed,47.43
embedding_position_encoding,smsp__inst_executed.sum,384000.00
ln1,smsp__inst_executed.sum,254208.00
attention,smsp__inst_executed.sum,6981456.00
residual1,smsp__inst_executed.sum,116736.00
ln2,smsp__inst_executed.sum,254208.00
feed_forward,smsp__inst_executed.sum,8772864.00
residual2,smsp__inst_executed.sum,116736.00
lnf,smsp__inst_executed.sum,254208.00
logits,smsp__inst_executed.sum,48267152.00
embedding_position_encoding,smsp__sass_data_bytes_mem_global_op_st.sum,786432.00
embedding_position_encoding,smsp__sass_data_bytes_mem_global_op_ld.sum,1597440.00
embedding_position_encoding,smsp__sass_inst_executed_op_ldgsts.sum,0.00
embedding_position_encoding,smsp__sass_inst_executed_op_global_st.sum,6144.00
embedding_position_encoding,smsp__sass_inst_executed_op_global_ld.sum,18432.00
embedding_position_encoding,smsp__sass_inst_executed_op_shared_st.sum,0.00
embedding_position_encoding,smsp__sass_inst_executed_op_shared_ld.sum,0.00
ln1,smsp__sass_data_bytes_mem_global_op_st.sum,788480.00
ln1,smsp__sass_data_bytes_mem_global_op_ld.sum,3932160.00
ln1,smsp__sass_inst_executed_op_ldgsts.sum,0.00
ln1,smsp__sass_inst_executed_op_global_st.sum,6656.00
ln1,smsp__sass_inst_executed_op_global_ld.sum,30720.00
ln1,smsp__sass_inst_executed_op_shared_st.sum,0.00
ln1,smsp__sass_inst_executed_op_shared_ld.sum,0.00
attention,smsp__sass_inst_executed_op_shared_ld.sum,27648.00
attention,smsp__sass_inst_executed_op_shared_st.sum,27648.00
attention,smsp__sass_inst_executed_op_global_ld.sum,76608.00
attention,smsp__sass_inst_executed_op_global_st.sum,55296.00
attention,smsp__sass_inst_executed_op_ldgsts.sum,118272.00
attention,smsp__sass_data_bytes_mem_global_op_ld.sum,9842688.00
attention,smsp__sass_data_bytes_mem_global_op_st.sum,12195840.00
residual1,smsp__sass_data_bytes_mem_global_op_st.sum,786432.00
residual1,smsp__sass_data_bytes_mem_global_op_ld.sum,1572864.00
residual1,smsp__sass_inst_executed_op_ldgsts.sum,0.00
residual1,smsp__sass_inst_executed_op_global_st.sum,6144.00
residual1,smsp__sass_inst_executed_op_global_ld.sum,12288.00
residual1,smsp__sass_inst_executed_op_shared_st.sum,0.00
residual1,smsp__sass_inst_executed_op_shared_ld.sum,0.00
ln2,smsp__sass_data_bytes_mem_global_op_st.sum,788480.00
ln2,smsp__sass_data_bytes_mem_global_op_ld.sum,3932160.00
ln2,smsp__sass_inst_executed_op_ldgsts.sum,0.00
ln2,smsp__sass_inst_executed_op_global_st.sum,6656.00
ln2,smsp__sass_inst_executed_op_global_ld.sum,30720.00
ln2,smsp__sass_inst_executed_op_shared_st.sum,0.00
ln2,smsp__sass_inst_executed_op_shared_ld.sum,0.00
feed_forward,smsp__sass_inst_executed_op_shared_ld.sum,12288.00
feed_forward,smsp__sass_inst_executed_op_shared_st.sum,24576.00
feed_forward,smsp__sass_inst_executed_op_global_ld.sum,67584.00
feed_forward,smsp__sass_inst_executed_op_global_st.sum,49152.00
feed_forward,smsp__sass_inst_executed_op_ldgsts.sum,221184.00
feed_forward,smsp__sass_data_bytes_mem_global_op_ld.sum,9437184.00
feed_forward,smsp__sass_data_bytes_mem_global_op_st.sum,11010048.00
residual2,smsp__sass_data_bytes_mem_global_op_st.sum,786432.00
residual2,smsp__sass_data_bytes_mem_global_op_ld.sum,1572864.00
residual2,smsp__sass_inst_executed_op_ldgsts.sum,0.00
residual2,smsp__sass_inst_executed_op_global_st.sum,6144.00
residual2,smsp__sass_inst_executed_op_global_ld.sum,12288.00
residual2,smsp__sass_inst_executed_op_shared_st.sum,0.00
residual2,smsp__sass_inst_executed_op_shared_ld.sum,0.00
lnf,smsp__sass_data_bytes_mem_global_op_st.sum,788480.00
lnf,smsp__sass_data_bytes_mem_global_op_ld.sum,3932160.00
lnf,smsp__sass_inst_executed_op_ldgsts.sum,0.00
lnf,smsp__sass_inst_executed_op_global_st.sum,6656.00
lnf,smsp__sass_inst_executed_op_global_ld.sum,30720.00
lnf,smsp__sass_inst_executed_op_shared_st.sum,0.00
lnf,smsp__sass_inst_executed_op_shared_ld.sum,0.00
logits,smsp__sass_data_bytes_mem_global_op_st.sum,51463168.00
logits,smsp__sass_data_bytes_mem_global_op_ld.sum,0.00
logits,smsp__sass_inst_executed_op_ldgsts.sum,3623536.00
logits,smsp__sass_inst_executed_op_global_st.sum,402176.00
logits,smsp__sass_inst_executed_op_global_ld.sum,0.00
logits,smsp__sass_inst_executed_op_shared_st.sum,201728.00
logits,smsp__sass_inst_executed_op_shared_ld.sum,403456.00
embedding_position_encoding,sm__pipe_fma_cycles_active.max,3264.00
embedding_position_encoding,sm__pipe_alu_cycles_active.max,3520.00
ln1,sm__pipe_fma_cycles_active.max,8608.00
ln1,sm__pipe_alu_cycles_active.max,15840.00
attention,sm__pipe_alu_cycles_active.max,80128.00
attention,sm__pipe_fma_cycles_active.max,58256.00
residual1,sm__pipe_fma_cycles_active.max,512.00
residual1,sm__pipe_alu_cycles_active.max,1216.00
ln2,sm__pipe_fma_cycles_active.max,8608.00
ln2,sm__pipe_alu_cycles_active.max,15840.00
feed_forward,sm__pipe_alu_cycles_active.max,70544.00
feed_forward,sm__pipe_fma_cycles_active.max,52048.00
residual2,sm__pipe_fma_cycles_active.max,512.00
residual2,sm__pipe_alu_cycles_active.max,1216.00
lnf,sm__pipe_fma_cycles_active.max,8608.00
lnf,sm__pipe_alu_cycles_active.max,15840.00
logits,sm__pipe_fma_cycles_active.max,228736.00
logits,sm__pipe_alu_cycles_active.max,356096.00
embedding_position_encoding,sm__sass_inst_executed_op_ldgsts_cache_bypass.sum,0.00
embedding_position_encoding,sm__sass_inst_executed_op_ldgsts_cache_access.sum,0.00
ln1,sm__sass_inst_executed_op_ldgsts_cache_bypass.sum,0.00
ln1,sm__sass_inst_executed_op_ldgsts_cache_access.sum,0.00
attention,sm__sass_inst_executed_op_ldgsts_cache_access.sum,0.00
attention,sm__sass_inst_executed_op_ldgsts_cache_bypass.sum,118272.00
residual1,sm__sass_inst_executed_op_ldgsts_cache_bypass.sum,0.00
residual1,sm__sass_inst_executed_op_ldgsts_cache_access.sum,0.00
ln2,sm__sass_inst_executed_op_ldgsts_cache_bypass.sum,0.00
ln2,sm__sass_inst_executed_op_ldgsts_cache_access.sum,0.00
feed_forward,sm__sass_inst_executed_op_ldgsts_cache_access.sum,0.00
feed_forward,sm__sass_inst_executed_op_ldgsts_cache_bypass.sum,221184.00
residual2,sm__sass_inst_executed_op_ldgsts_cache_bypass.sum,0.00
residual2,sm__sass_inst_executed_op_ldgsts_cache_access.sum,0.00
lnf,sm__sass_inst_executed_op_ldgsts_cache_bypass.sum,0.00
lnf,sm__sass_inst_executed_op_ldgsts_cache_access.sum,0.00
logits,sm__sass_inst_executed_op_ldgsts_cache_bypass.sum,0.00
logits,sm__sass_inst_executed_op_ldgsts_cache_access.sum,3623536.00
embedding_position_encoding,sm__warps_active.sum,12265886.00
embedding_position_encoding,sm__threads_launched.sum,98304.00
ln1,sm__warps_active.sum,5075456.00
ln1,sm__threads_launched.sum,8192.00
attention,sm__threads_launched.sum,532480.00
attention,sm__warps_active.sum,62236302.00
residual1,sm__warps_active.sum,6436652.00
residual1,sm__threads_launched.sum,98304.00
ln2,sm__warps_active.sum,5193342.00
ln2,sm__threads_launched.sum,8192.00
feed_forward,sm__threads_launched.sum,618496.00
feed_forward,sm__warps_active.sum,57468872.00
residual2,sm__warps_active.sum,7969016.00
residual2,sm__threads_launched.sum,98304.00
lnf,sm__warps_active.sum,4980032.00
lnf,sm__threads_launched.sum,8192.00
logits,sm__warps_active.sum,333588274.00
logits,sm__threads_launched.sum,102400.00
embedding_position_encoding,sm__pipe_shared_cycles_active.max,0.00
embedding_position_encoding,sm__pipe_tensor_cycles_active.max,0.00
ln1,sm__pipe_shared_cycles_active.max,0.00
ln1,sm__pipe_tensor_cycles_active.max,0.00
attention,sm__pipe_tensor_cycles_active.max,78272.00
attention,sm__pipe_shared_cycles_active.max,78272.00
residual1,sm__pipe_shared_cycles_active.max,0.00
residual1,sm__pipe_tensor_cycles_active.max,0.00
ln2,sm__pipe_shared_cycles_active.max,0.00
ln2,sm__pipe_tensor_cycles_active.max,0.00
feed_forward,sm__pipe_tensor_cycles_active.max,98560.00
feed_forward,sm__pipe_shared_cycles_active.max,98560.00
residual2,sm__pipe_shared_cycles_active.max,0.00
residual2,sm__pipe_tensor_cycles_active.max,0.00
lnf,sm__pipe_shared_cycles_active.max,0.00
lnf,sm__pipe_tensor_cycles_active.max,0.00
logits,sm__pipe_shared_cycles_active.max,786432.00
logits,sm__pipe_tensor_cycles_active.max,786432.00
embedding_position_encoding,l1tex__t_requests_pipe_lsu_mem_global_op_ld.sum,18432.00
ln1,l1tex__t_requests_pipe_lsu_mem_global_op_ld.sum,30720.00
attention,l1tex__t_requests_pipe_lsu_mem_global_op_ld.sum,193344.00
residual1,l1tex__t_requests_pipe_lsu_mem_global_op_ld.sum,12288.00
ln2,l1tex__t_requests_pipe_lsu_mem_global_op_ld.sum,30720.00
feed_forward,l1tex__t_requests_pipe_lsu_mem_global_op_ld.sum,288768.00
residual2,l1tex__t_requests_pipe_lsu_mem_global_op_ld.sum,12288.00
lnf,l1tex__t_requests_pipe_lsu_mem_global_op_ld.sum,30720.00
logits,l1tex__t_requests_pipe_lsu_mem_global_op_ld.sum,3622848.00
embedding_position_encoding,l1tex__t_requests_pipe_lsu_mem_global_op_st.sum,6144.00
ln1,l1tex__t_requests_pipe_lsu_mem_global_op_st.sum,6656.00
attention,l1tex__t_requests_pipe_lsu_mem_global_op_st.sum,55296.00
residual1,l1tex__t_requests_pipe_lsu_mem_global_op_st.sum,6144.00
ln2,l1tex__t_requests_pipe_lsu_mem_global_op_st.sum,6656.00
feed_forward,l1tex__t_requests_pipe_lsu_mem_global_op_st.sum,49152.00
residual2,l1tex__t_requests_pipe_lsu_mem_global_op_st.sum,6144.00
lnf,l1tex__t_requests_pipe_lsu_mem_global_op_st.sum,6656.00
logits,l1tex__t_requests_pipe_lsu_mem_global_op_st.sum,402176.00
embedding_position_encoding,l1tex__t_sectors_pipe_lsu_mem_global_op_st.sum,24576.00
embedding_position_encoding,l1tex__t_sectors_pipe_lsu_mem_global_op_ld.sum,55296.00
ln1,l1tex__t_sectors_pipe_lsu_mem_global_op_st.sum,25088.00
ln1,l1tex__t_sectors_pipe_lsu_mem_global_op_ld.sum,122880.00
attention,l1tex__t_sectors_pipe_lsu_mem_global_op_ld.sum,2179584.00
attention,l1tex__t_sectors_pipe_lsu_mem_global_op_st.sum,382464.00
residual1,l1tex__t_sectors_pipe_lsu_mem_global_op_st.sum,24576.00
residual1,l1tex__t_sectors_pipe_lsu_mem_global_op_ld.sum,49152.00
ln2,l1tex__t_sectors_pipe_lsu_mem_global_op_st.sum,25088.00
ln2,l1tex__t_sectors_pipe_lsu_mem_global_op_ld.sum,122880.00
feed_forward,l1tex__t_sectors_pipe_lsu_mem_global_op_ld.sum,3833856.00
feed_forward,l1tex__t_sectors_pipe_lsu_mem_global_op_st.sum,344064.00
residual2,l1tex__t_sectors_pipe_lsu_mem_global_op_st.sum,24576.00
residual2,l1tex__t_sectors_pipe_lsu_mem_global_op_ld.sum,49152.00
lnf,l1tex__t_sectors_pipe_lsu_mem_global_op_st.sum,25088.00
lnf,l1tex__t_sectors_pipe_lsu_mem_global_op_ld.sum,122880.00
logits,l1tex__t_sectors_pipe_lsu_mem_global_op_st.sum,1960128.00
logits,l1tex__t_sectors_pipe_lsu_mem_global_op_ld.sum,57963264.00
embedding_position_encoding,sm__sass_l1tex_t_sectors_pipe_lsu_mem_global_op_ldgsts_cache_bypass.sum,0.00
embedding_position_encoding,sm__sass_l1tex_t_requests_pipe_lsu_mem_global_op_ldgsts_cache_bypass.sum,0.00
embedding_position_encoding,sm__sass_l1tex_t_sectors_pipe_lsu_mem_global_op_ldgsts_cache_access.sum,0.00
embedding_position_encoding,sm__sass_l1tex_t_requests_pipe_lsu_mem_global_op_ldgsts_cache_access.sum,0.00
ln1,sm__sass_l1tex_t_sectors_pipe_lsu_mem_global_op_ldgsts_cache_bypass.sum,0.00
ln1,sm__sass_l1tex_t_requests_pipe_lsu_mem_global_op_ldgsts_cache_bypass.sum,0.00
ln1,sm__sass_l1tex_t_sectors_pipe_lsu_mem_global_op_ldgsts_cache_access.sum,0.00
ln1,sm__sass_l1tex_t_requests_pipe_lsu_mem_global_op_ldgsts_cache_access.sum,0.00
attention,sm__sass_l1tex_t_requests_pipe_lsu_mem_global_op_ldgsts_cache_access.sum,0.00
attention,sm__sass_l1tex_t_sectors_pipe_lsu_mem_global_op_ldgsts_cache_access.sum,0.00
attention,sm__sass_l1tex_t_requests_pipe_lsu_mem_global_op_ldgsts_cache_bypass.sum,116736.00
attention,sm__sass_l1tex_t_sectors_pipe_lsu_mem_global_op_ldgsts_cache_bypass.sum,1531440.00
residual1,sm__sass_l1tex_t_sectors_pipe_lsu_mem_global_op_ldgsts_cache_bypass.sum,0.00
residual1,sm__sass_l1tex_t_requests_pipe_lsu_mem_global_op_ldgsts_cache_bypass.sum,0.00
residual1,sm__sass_l1tex_t_sectors_pipe_lsu_mem_global_op_ldgsts_cache_access.sum,0.00
residual1,sm__sass_l1tex_t_requests_pipe_lsu_mem_global_op_ldgsts_cache_access.sum,0.00
ln2,sm__sass_l1tex_t_sectors_pipe_lsu_mem_global_op_ldgsts_cache_bypass.sum,0.00
ln2,sm__sass_l1tex_t_requests_pipe_lsu_mem_global_op_ldgsts_cache_bypass.sum,0.00
ln2,sm__sass_l1tex_t_sectors_pipe_lsu_mem_global_op_ldgsts_cache_access.sum,0.00
ln2,sm__sass_l1tex_t_requests_pipe_lsu_mem_global_op_ldgsts_cache_access.sum,0.00
feed_forward,sm__sass_l1tex_t_requests_pipe_lsu_mem_global_op_ldgsts_cache_access.sum,0.00
feed_forward,sm__sass_l1tex_t_sectors_pipe_lsu_mem_global_op_ldgsts_cache_access.sum,0.00
feed_forward,sm__sass_l1tex_t_requests_pipe_lsu_mem_global_op_ldgsts_cache_bypass.sum,221184.00
feed_forward,sm__sass_l1tex_t_sectors_pipe_lsu_mem_global_op_ldgsts_cache_bypass.sum,2838528.00
residual2,sm__sass_l1tex_t_sectors_pipe_lsu_mem_global_op_ldgsts_cache_bypass.sum,0.00
residual2,sm__sass_l1tex_t_requests_pipe_lsu_mem_global_op_ldgsts_cache_bypass.sum,0.00
residual2,sm__sass_l1tex_t_sectors_pipe_lsu_mem_global_op_ldgsts_cache_access.sum,0.00
residual2,sm__sass_l1tex_t_requests_pipe_lsu_mem_global_op_ldgsts_cache_access.sum,0.00
lnf,sm__sass_l1tex_t_sectors_pipe_lsu_mem_global_op_ldgsts_cache_bypass.sum,0.00
lnf,sm__sass_l1tex_t_requests_pipe_lsu_mem_global_op_ldgsts_cache_bypass.sum,0.00
lnf,sm__sass_l1tex_t_sectors_pipe_lsu_mem_global_op_ldgsts_cache_access.sum,0.00
lnf,sm__sass_l1tex_t_requests_pipe_lsu_mem_global_op_ldgsts_cache_access.sum,0.00
logits,sm__sass_l1tex_t_sectors_pipe_lsu_mem_global_op_ldgsts_cache_bypass.sum,0.00
logits,sm__sass_l1tex_t_requests_pipe_lsu_mem_global_op_ldgsts_cache_bypass.sum,0.00
logits,sm__sass_l1tex_t_sectors_pipe_lsu_mem_global_op_ldgsts_cache_access.sum,57963264.00
logits,sm__sass_l1tex_t_requests_pipe_lsu_mem_global_op_ldgsts_cache_access.sum,3622848.00
embedding_position_encoding,dram__sectors_write.sum,21980.00
embedding_position_encoding,dram__sectors_read.sum,17796.00
embedding_position_encoding,lts__t_requests_srcunit_tex_op_write.sum,6144.00
embedding_position_encoding,lts__t_requests_srcunit_tex_op_read.sum,12477.00
ln1,dram__sectors_write.sum,4488.00
ln1,dram__sectors_read.sum,244.00
ln1,lts__t_requests_srcunit_tex_op_write.sum,6440.00
ln1,lts__t_requests_srcunit_tex_op_read.sum,6912.00
attention,lts__t_requests_srcunit_tex_op_read.sum,540969.00
attention,lts__t_requests_srcunit_tex_op_write.sum,96768.00
attention,dram__sectors_read.sum,311604.00
attention,dram__sectors_write.sum,213144.00
residual1,dram__sectors_write.sum,4880.00
residual1,dram__sectors_read.sum,5912.00
residual1,lts__t_requests_srcunit_tex_op_write.sum,6144.00
residual1,lts__t_requests_srcunit_tex_op_read.sum,12288.00
ln2,dram__sectors_write.sum,4364.00
ln2,dram__sectors_read.sum,276.00
ln2,lts__t_requests_srcunit_tex_op_write.sum,6439.00
ln2,lts__t_requests_srcunit_tex_op_read.sum,6912.00
feed_forward,lts__t_requests_srcunit_tex_op_read.sum,934672.00
feed_forward,lts__t_requests_srcunit_tex_op_write.sum,86016.00
feed_forward,dram__sectors_read.sum,592164.00
feed_forward,dram__sectors_write.sum,384284.00
residual2,dram__sectors_write.sum,5632.00
residual2,dram__sectors_read.sum,24532.00
residual2,lts__t_requests_srcunit_tex_op_write.sum,6144.00
residual2,lts__t_requests_srcunit_tex_op_read.sum,12288.00
lnf,dram__sectors_write.sum,4688.00
lnf,dram__sectors_read.sum,224.00
lnf,lts__t_requests_srcunit_tex_op_write.sum,6426.00
lnf,lts__t_requests_srcunit_tex_op_read.sum,6912.00
logits,dram__sectors_write.sum,1671984.00
logits,dram__sectors_read.sum,5304744.00
logits,lts__t_requests_srcunit_tex_op_write.sum,474510.00
logits,lts__t_requests_srcunit_tex_op_read.sum,3622704.00
embedding_position_encoding,lts__t_sectors_op_read.sum,63657.00
embedding_position_encoding,lts__t_requests_srcunit_l1_op_write.sum,0.00
embedding_position_encoding,lts__t_sectors_op_write.sum,37967.00
embedding_position_encoding,lts__t_requests_srcunit_l1_op_read.sum,0.00
ln1,lts__t_sectors_op_read.sum,34035.00
ln1,lts__t_requests_srcunit_l1_op_write.sum,0.00
ln1,lts__t_sectors_op_write.sum,37811.00
ln1,lts__t_requests_srcunit_l1_op_read.sum,0.00
attention,lts__t_requests_srcunit_l1_op_read.sum,0.00
attention,lts__t_sectors_op_write.sum,574619.00
attention,lts__t_requests_srcunit_l1_op_write.sum,0.00
attention,lts__t_sectors_op_read.sum,2501217.00
residual1,lts__t_sectors_op_read.sum,60558.00
residual1,lts__t_requests_srcunit_l1_op_write.sum,0.00
residual1,lts__t_sectors_op_write.sum,36724.00
residual1,lts__t_requests_srcunit_l1_op_read.sum,0.00
ln2,lts__t_sectors_op_read.sum,34965.00
ln2,lts__t_requests_srcunit_l1_op_write.sum,0.00
ln2,lts__t_sectors_op_write.sum,38147.00
ln2,lts__t_requests_srcunit_l1_op_read.sum,0.00
feed_forward,lts__t_requests_srcunit_l1_op_read.sum,0.00
feed_forward,lts__t_sectors_op_write.sum,519188.00
feed_forward,lts__t_requests_srcunit_l1_op_write.sum,0.00
feed_forward,lts__t_sectors_op_read.sum,4396148.00
residual2,lts__t_sectors_op_read.sum,67664.00
residual2,lts__t_requests_srcunit_l1_op_write.sum,0.00
residual2,lts__t_sectors_op_write.sum,37537.00
residual2,lts__t_requests_srcunit_l1_op_read.sum,0.00
lnf,lts__t_sectors_op_read.sum,34049.00
lnf,lts__t_requests_srcunit_l1_op_write.sum,0.00
lnf,lts__t_sectors_op_write.sum,37772.00
lnf,lts__t_requests_srcunit_l1_op_read.sum,0.00
logits,lts__t_sectors_op_read.sum,18394693.00
logits,lts__t_requests_srcunit_l1_op_write.sum,0.00
logits,lts__t_sectors_op_write.sum,2513423.00
logits,lts__t_requests_srcunit_l1_op_read.sum,0.00
embedding_position_encoding,smsp__average_warp_latency_per_inst_issued.ratio,30.84
ln1,smsp__average_warp_latency_per_inst_issued.ratio,19.61
attention,smsp__average_warp_latency_per_inst_issued.ratio,85.43
residual1,smsp__average_warp_latency_per_inst_issued.ratio,48.19
ln2,smsp__average_warp_latency_per_inst_issued.ratio,20.27
feed_forward,smsp__average_warp_latency_per_inst_issued.ratio,61.35
residual2,smsp__average_warp_latency_per_inst_issued.ratio,59.83
lnf,smsp__average_warp_latency_per_inst_issued.ratio,19.70
logits,smsp__average_warp_latency_per_inst_issued.ratio,6.92
embedding_position_encoding,smsp__average_warps_issue_stalled_wait_per_issue_active.ratio,3.20
embedding_position_encoding,smsp__average_warps_issue_stalled_math_pipe_throttle_per_issue_active.ratio,1.04
ln1,smsp__average_warps_issue_stalled_wait_per_issue_active.ratio,1.76
ln1,smsp__average_warps_issue_stalled_math_pipe_throttle_per_issue_active.ratio,0.72
attention,smsp__average_warps_issue_stalled_math_pipe_throttle_per_issue_active.ratio,5.45
attention,smsp__average_warps_issue_stalled_wait_per_issue_active.ratio,13.39
residual1,smsp__average_warps_issue_stalled_wait_per_issue_active.ratio,1.71
residual1,smsp__average_warps_issue_stalled_math_pipe_throttle_per_issue_active.ratio,1.70
ln2,smsp__average_warps_issue_stalled_wait_per_issue_active.ratio,1.75
ln2,smsp__average_warps_issue_stalled_math_pipe_throttle_per_issue_active.ratio,0.73
feed_forward,smsp__average_warps_issue_stalled_math_pipe_throttle_per_issue_active.ratio,3.78
feed_forward,smsp__average_warps_issue_stalled_wait_per_issue_active.ratio,6.10
residual2,smsp__average_warps_issue_stalled_wait_per_issue_active.ratio,1.71
residual2,smsp__average_warps_issue_stalled_math_pipe_throttle_per_issue_active.ratio,1.70
lnf,smsp__average_warps_issue_stalled_wait_per_issue_active.ratio,1.76
lnf,smsp__average_warps_issue_stalled_math_pipe_throttle_per_issue_active.ratio,0.74
logits,smsp__average_warps_issue_stalled_wait_per_issue_active.ratio,0.93
logits,smsp__average_warps_issue_stalled_math_pipe_throttle_per_issue_active.ratio,0.82
embedding_position_encoding,smsp__average_warps_issue_stalled_short_scoreboard_per_issue_active.ratio,0.43
embedding_position_encoding,smsp__average_warps_issue_stalled_long_scoreboard_per_issue_active.ratio,16.44
ln1,smsp__average_warps_issue_stalled_short_scoreboard_per_issue_active.ratio,0.27
ln1,smsp__average_warps_issue_stalled_long_scoreboard_per_issue_active.ratio,13.85
attention,smsp__average_warps_issue_stalled_long_scoreboard_per_issue_active.ratio,19.47
attention,smsp__average_warps_issue_stalled_short_scoreboard_per_issue_active.ratio,3.54
residual1,smsp__average_warps_issue_stalled_short_scoreboard_per_issue_active.ratio,0.12
residual1,smsp__average_warps_issue_stalled_long_scoreboard_per_issue_active.ratio,24.67
ln2,smsp__average_warps_issue_stalled_short_scoreboard_per_issue_active.ratio,0.27
ln2,smsp__average_warps_issue_stalled_long_scoreboard_per_issue_active.ratio,14.39
feed_forward,smsp__average_warps_issue_stalled_long_scoreboard_per_issue_active.ratio,25.32
feed_forward,smsp__average_warps_issue_stalled_short_scoreboard_per_issue_active.ratio,1.92
residual2,smsp__average_warps_issue_stalled_short_scoreboard_per_issue_active.ratio,0.12
residual2,smsp__average_warps_issue_stalled_long_scoreboard_per_issue_active.ratio,36.76
lnf,smsp__average_warps_issue_stalled_short_scoreboard_per_issue_active.ratio,0.27
lnf,smsp__average_warps_issue_stalled_long_scoreboard_per_issue_active.ratio,13.46
logits,smsp__average_warps_issue_stalled_short_scoreboard_per_issue_active.ratio,0.33
logits,smsp__average_warps_issue_stalled_long_scoreboard_per_issue_active.ratio,0.11
